utility_id,utility_slug,utility_name,aliases,city,county,state,service_area_name,service_area_type,inventory_url,lookup_url,notification_url,program_ids,contact_phone,contact_email,inventory_status,inventory_summary,known_count,potential_count,unknown_count,non_lead_count,address_lookup_mode,resolver_municipalities,resolver_hints,resolver_postal_prefixes,source_refs,verification_status,last_verified
dc-water-dc,dc-water,DC Water,District of Columbia Water and Sewer Authority|Lead Free DC,washington,district-of-columbia,dc,District of Columbia,district,https://www.dcwater.com/do-you-have-lead-pipes-let-us-help-you-find-out,https://geo.dcwater.com/Lead/,https://www.dcwater.com/resources/lead-free-dc/water-service-line-material-notifications,dc-water-lprap|dc-water-voluntary-full-replacement,202-787-4044,lead@dcwater.com,map-published-with-verified-and-suspected-categories,"DC Water says its parcel map uses verified lead suspected lead no information suspected non-lead and verified non-lead categories, multilingual lead unknown and galvanized iron letters are posted online, and customers can use either the 100 percent private-side assistance path or the voluntary full replacement path depending on whether lead is on one side or both sides.",,,,,official_lookup,washington|district of columbia,capitol hill|georgetown|anacostia,200,src-dc-inventory|src-dc-notification,verified,2026-04-05
denver-water-co,denver-water,Denver Water,Lead Reduction Program,denver,denver,co,Denver Water service area,regional-utility,https://www.denverwater.org/your-water/water-quality/lead,https://www.denverwater.org/your-water/water-quality/lead,https://www.denverwater.org/your-water/water-quality/lead/lead-service-lines,denver-water-lead-reduction-program|denver-water-reimbursement,303-893-2444,lead@denverwater.org,possible-line-inventory-published,"Denver Water says its address map can show whether a home is one of the estimated 60000 to 64000 homes with a possible lead service line, replacements are planned neighborhood by neighborhood with a longer outlook from 2026 to 2031, and off-schedule replacements use a separate 3800 dollar reimbursement path rather than the utility's no-direct-charge scheduled replacement workflow.",,,,,official_lookup,denver|lakewood|englewood|westminster|centennial|wheat ridge,,800|801|802,src-denver-inventory|src-denver-notification,verified,2026-04-05
milwaukee-water-works-wi,milwaukee-water-works,Milwaukee Water Works,City of Milwaukee Water Works|MWW,milwaukee,milwaukee,wi,City of Milwaukee,city,https://city.milwaukee.gov/water/LeadPipes/Overview,https://city.milwaukee.gov/water/LeadPipes/CheckAddress,https://city.milwaukee.gov/leadpipes,milwaukee-prioritization-program|milwaukee-owner-request-program,414-286-2830,water@milwaukee.gov,lead-lines-tracked-and-prioritized,"Milwaukee Water Works says it is committed to replacing all 65000 remaining lead service lines by 2037. Its address lookup page shows recorded service line type and whether a property is prioritized for replacement in 2026, while city notices explain when owners do or do not pay for private-side work.",65000,,,,official_lookup,milwaukee,bay view|riverwest|walkers point,532,src-milwaukee-inventory|src-milwaukee-notification,verified,2026-04-05
saint-paul-regional-water-services-mn,saint-paul-regional-water-services,Saint Paul Regional Water Services,SPRWS|Saint Paul Water,saint-paul,ramsey,mn,Saint Paul Regional Water Services service area,regional-utility,https://www.stpaul.gov/departments/saint-paul-regional-water-services/customer-resources/lead-free-sprws,https://www.stpaul.gov/departments/saint-paul-regional-water-services/customer-resources/lead-free-sprws,https://www.stpaul.gov/departments/saint-paul-regional-water-services/customer-resources/lead-free-sprws,lead-free-sprws,651-266-6820,lead@stpaul.gov,no-cost-citywide-replacement-plan,"SPRWS says it serves about 96000 properties, about 17000 have a lead service line, and about 4500 have a service line of unknown material. Lead Free SPRWS is a 10-year plan that has replaced nearly 4500 lead lines since 2022 and aims to replace about 2100 more in 2026 at no cost to property owners.",17000,,4500,,official_lookup,saint paul|st paul|maplewood|west st paul|mendota heights|south st paul,,551,src-saint-paul-inventory|src-saint-paul-notification,verified,2026-04-05
providence-water-ri,providence-water,Providence Water,Providence Water Supply Board,providence,providence,ri,Providence Water service area,regional-utility,https://www.provwater.com/water-quality/lead-center/lead-service-location-map,https://www.provwater.com/water-quality/lead-center/lead-service-location-map,https://www.provwater.com/water-quality/lead-center/lead-service-line-replacement-programs,providence-accelerated-replacement|providence-loan-program,401-521-6303,PWleadfree@cdmsmith.com,lead-and-unknown-lines-on-location-map,"Providence Water says its location map shows utility-side and private-side materials separately, annual letters go to lead or unknown addresses, free replacement is tied to planned utility contracts, and addresses outside that queue move to a separate 10-year 0% loan path instead of a blanket no-cost promise.",,,,,official_lookup,providence|cranston|johnston|north providence|smithfield,,029,src-providence-inventory|src-providence-notification,verified,2026-04-05
philadelphia-water-department-pa,philadelphia-water-department,Philadelphia Water Department,PWD|Philly Water,philadelphia,philadelphia,pa,Philadelphia Water Department service area,city,https://water.phila.gov/service-line-map,https://water.phila.gov/service-line/check/,https://water.phila.gov/lead/info-sessions/,philadelphia-service-line-verification|philadelphia-help-loan,215-685-6300,waterinfo@phila.gov,citywide-service-line-map-published,"Philadelphia Water Department says its service line map categorizes properties as lead non-lead galvanized metal incomplete records or mixed, mandatory letters in November 2024 and December 2025 explained customer-owned materials, invited properties can join a limited free verification program, and confirmed lead lines otherwise stay on a zero-interest HELP loan or owner-managed contractor path.",,,,,official_lookup,philadelphia|philly,kensington|west philadelphia|south philadelphia,191,src-philadelphia-inventory|src-philadelphia-notification,verified,2026-04-05
pittsburgh-water-pa,pittsburgh-water,Pittsburgh Water,PWSA|Pittsburgh Water,pittsburgh,allegheny,pa,Pittsburgh Water service area,city,https://www.pgh2o.com/your-water/lead-information,https://www.pgh2o.com/your-water/lead-information,https://www.pgh2o.com/your-water/lead-information,pittsburgh-reimbursement,412-255-8987,leadhelp@pgh2o.com,lead-line-assistance-and-inventory-improvement,"Pittsburgh Water says Community Lead Response is on track to replace each lead line in Pittsburgh by 2027, targeted neighborhood and water-main work continue while unknown locations are improved, and private replacements that are not already covered by utility-led work move through income-based reimbursement up to 100 percent or a 1000 dollar stipend.",,,,,official_lookup,pittsburgh,oakland|squirrel hill|south side|lawrenceville,152,src-pittsburgh-inventory|src-pittsburgh-notification,verified,2026-04-05
newark-water-oh,newark-water,City of Newark Water Office,Newark Water Office|City of Newark Water,newark,licking,oh,City of Newark water service area,city,https://www.newarkohio.gov/lead-service-line-replacement/,https://www.newarkohio.gov/lead-service-line-replacement/,https://www.newarkohio.gov/lead-service-line-replacement/,newark-free-replacement,740-670-7940,wateradm@newarkohiowater.net,customer-notices-and-signup-published,"Newark says customers with galvanized requiring replacement or unknown service lines have been notified, properties with yellow or orange dots on the city map are checked for replacement, and the city replaces the line from the main to the meter plus basic restoration free of charge.",,,,,official_lookup,newark,licking county,430,src-newark-inventory|src-newark-notification,verified,2026-04-05
greater-cincinnati-water-works-oh,greater-cincinnati-water-works,Greater Cincinnati Water Works,GCWW|Greater Cincinnati Water Works,cincinnati,hamilton,oh,Greater Cincinnati Water Works service area,regional-utility,https://la.mygcww.org/,https://la.mygcww.org/,https://la.mygcww.org/,gcww-full-replacement,513-651-5323,lead@GCWW.Cincinnati-OH.gov,lead-map-and-no-cost-program-published,"GCWW says its lead map supports property lookup, the utility pays 100 percent of replacement costs for participating properties, and work is scheduled for child care facilities water main projects individual leaking or high-lead cases and targeted areas using a prioritization model.",,,,,official_lookup,cincinnati|norwood,mt auburn|westwood|northside,452,src-gcww-inventory|src-gcww-notification,verified,2026-04-05
madison-water-utility-wi,madison-water-utility,Madison Water Utility,Madison Water|Madison Water Utility,madison,dane,wi,City of Madison,city,https://www.cityofmadison.com/water/water-quality/lead-copper-in-water/lead-service-line-inventory,https://www.cityofmadison.com/water/water-quality/lead-copper-in-water/lead-service-line-inventory,https://www.cityofmadison.com/water/water-quality/lead-copper-in-water/lead-service-line-inventory,madison-rebate,608-266-4651,water@madisonwater.org,inventory-published-with-no-known-lead-lines,"Madison says all known lead services were removed years ago and as of November 4 2025 it has no known lead service lines, historic records can still contain minor inaccuracies, and property owners who discover private lead service may qualify for a rebate up to 3000 dollars rather than a citywide no-cost replacement path.",0,,,,official_lookup,madison,near east side|monroe street,537,src-madison-inventory|src-madison-notification,verified,2026-04-05
columbus-water-oh,columbus-division-of-water,City of Columbus Division of Water,Lead Safe Columbus|Columbus Water,columbus,franklin,oh,City of Columbus Division of Water service area,regional-utility,https://www.columbus.gov/Services/Columbus-Water-Power/About-Columbus-Water-Power/The-Division-of-Water/Water-Facts/Water-Health/Lead-Service-Program-Information,https://www.columbus.gov/Services/Columbus-Water-Power/About-Columbus-Water-Power/The-Division-of-Water/Water-Facts/Water-Health/Lead-Service-Program-Information,https://www.columbus.gov/Services/Columbus-Water-Power/About-Columbus-Water-Power/The-Division-of-Water/Water-Facts/Water-Health/Lead-Service-Program-Information,columbus-lslr-program|columbus-leap,614-645-6725,leadsafelines@columbus.gov,citywide-inventory-and-project-status-published,"Columbus says customers can search an address to see public and private service line material and whether the property is in an active or upcoming project area, annual line-material notices are not water quality notices, street-by-street no-cost replacement starts with a signed work agreement, and LEAP offers no-interest deferred repayment with no upfront cost for proactive or leaking lines.",,,,,official_lookup,columbus,,432,src-columbus-inventory|src-columbus-notification,verified,2026-04-05
minneapolis-water-mn,minneapolis-public-works-water,City of Minneapolis Public Works Water Treatment & Distribution Services,Minneapolis Water|minneapolis public works,minneapolis,hennepin,mn,City of Minneapolis,city,https://www.minneapolismn.gov/resident-services/utility-services/water/water-quality/water-quality-lead/plumbing-faucets/lead-service-line-map/,https://www.minneapolismn.gov/resident-services/utility-services/water/water-quality/water-quality-lead/plumbing-faucets/lead-service-line-map/,https://www.minneapolismn.gov/resident-services/utility-services/water/water-quality/water-quality-lead/plumbing-faucets/lead-service-line-map/,minneapolis-citywide-replacement,612-673-5600,minneapolis311@minneapolismn.gov,lead-non-lead-and-unknown-map-updated-daily,"Minneapolis says its lead service line map is updated daily, unknown means there is a valid address but the matching record is not available, owners can request further research when that happens, and citywide replacement is funded at no cost in eligible project areas under the 2033 state goal and 2037 federal requirement.",,,,,official_lookup,minneapolis,powderhorn park|whittier|hawthorne|bancroft|bottineau,554,src-minneapolis-inventory|src-minneapolis-notification,verified,2026-04-05
duluth-water-mn,duluth-lead-removal-program,City of Duluth Lead Removal Program,Duluth Water|Lead Removal Program,duluth,st-louis,mn,City of Duluth,city,https://duluthmn.gov/public-works-utilities/lead-water-education/lead-service-line-identification/,https://duluthmn.gov/public-works-utilities/lead-water-education/lead-service-line-identification/,https://duluthmn.gov/public-works-utilities/lead-water-education/lead-service-line-replacement/,duluth-citywide-replacement,218-730-4673,leadremoval@duluthmn.gov,inventory-published-through-city-and-state-tooling,"Duluth says its service line inventory is publicly available through the city page and the Minnesota tool, and that city-led replacement projects are funded at no cost to property owners in eligible areas.",,,,,official_lookup,duluth,lakeside|lincoln park|west duluth|hillside,558,src-duluth-inventory|src-duluth-notification,verified,2026-04-04
hamilton-water-oh,hamilton-utilities-water,City of Hamilton Utilities + Public Works Water,City of Hamilton Water|Hamilton Water,hamilton,butler,oh,City of Hamilton,city,https://www.hamilton-oh.gov/lead-awareness,https://www.hamilton-oh.gov/lead-awareness,https://www.hamilton-oh.gov/lead-awareness,,513-785-7430,customerserviceweb@hamilton-oh.gov,interactive-map-and-notice-guidance-published,"Hamilton says its interactive lead service line map shows the best available data for both customer-owned and utility-owned portions, private-side replacement cost remains the owner's responsibility, and the city replaces known public-side lead lines during water main projects.",,,,,official_lookup,hamilton,,450,src-hamilton-inventory|src-hamilton-notification,verified,2026-04-05
phoenix-water-az,phoenix-water-services,City of Phoenix Water Services,Phoenix Water|Phoenix Water Services,phoenix,maricopa,az,City of Phoenix Water Services,city,https://pipes.phoenix.gov/,https://pipes.phoenix.gov/,https://pipes.phoenix.gov/,phoenix-full-replacement,602-262-6251,watersmart@phoenix.gov,inventory-and-next-steps-site-published,"Phoenix says its public inventory uses non-lead lead galvanized and unknown categories, unknown lines are unlikely to be lead but still receive second verification and notices, mailed notifications went out as replacement work started in fall 2024, and if a lead or galvanized line is identified the city replaces the full line from the meter box to the house connection at no cost.",,,,,official_lookup,phoenix,encanto|alhambra|maryvale|deer valley|camelback east,850,src-phoenix-inventory|src-phoenix-notification,verified,2026-04-05
tempe-water-az,tempe-water-utilities,City of Tempe Water Utilities,Tempe Water|Tempe Water Utilities,tempe,maricopa,az,City of Tempe Water Utilities,city,https://www.tempe.gov/government/public-works/water/water-quality/service-line-inventory,https://www.tempe.gov/government/public-works/water/water-quality/service-line-inventory,https://www.tempe.gov/government/public-works/water/water-quality/lead-and-copper,,480-350-4311,ServiceLineInventory@tempe.gov,inventory-and-notification-guidance-published,"Tempe says customers can search the public inventory, the city has no records of any known public lead service lines, unknown notices are precautionary while survey and field inspections continue, and the city will work individually on replacement or funding options if any lead or galvanized line is identified.",,,,,official_lookup,tempe,,852,src-tempe-inventory|src-tempe-notification,verified,2026-04-05
tucson-water-az,tucson-water,Tucson Water,Tucson Water,tucson,pima,az,Tucson Water service area,regional-utility,https://www.tucsonaz.gov/Departments/Water/Water-Quality/lead-free,https://www.tucsonaz.gov/Departments/Water/Water-Quality/lead-free,https://www.tucsonaz.gov/Departments/Water/Water-Quality/lead-free,tucson-replacement-program,520-791-5945,leadcopperruleinquiries@tucsonaz.gov,inventory-and-annual-notice-guidance-published,"Tucson Water says customers can view the service line inventory online, annual unknown or galvanized notices do not by themselves mean there is lead at the address, citywide inspections continue, and any confirmed replacement is scheduled at no cost to the customer.",,,,,official_lookup,tucson,,857,src-tucson-inventory|src-tucson-notification,verified,2026-04-05
mesa-water-az,mesa-water,City of Mesa Water Resources,Mesa Water|Mesa Water Resources,mesa,maricopa,az,City of Mesa,city,https://www.mesaaz.gov/Utilities/Water-Wastewater/Water-Quality/Lead-and-Copper,https://www.mesaaz.gov/Utilities/Water-Wastewater/Water-Quality/Lead-and-Copper,https://www.mesaaz.gov/Utilities/Water-Wastewater/Water-Quality/Lead-and-Copper,,480-644-5980,leadandcopper@mesaaz.gov,inventory-published-no-known-public-lead-lines,"Mesa says its inventory map is public, there are no lead containing service lines connecting city mains to customer meters, letters explain next steps for galvanized or unknown private-side material, and if a letter was not sent no further action is needed.",,,,,official_lookup,mesa,dobson ranch|downtown mesa|eastmark|red mountain ranch,852,src-mesa-inventory|src-mesa-notification,verified,2026-04-05
chandler-water-az,chandler-water,City of Chandler Water Utilities,Chandler Water|City of Chandler Water,chandler,maricopa,az,City of Chandler,city,https://www.chandleraz.gov/residents/water/water-quality/lead-and-copper-rule-service-line-inspection,https://www.chandleraz.gov/residents/water/water-quality/lead-and-copper-rule-service-line-inspection,https://www.chandleraz.gov/residents/water/water-quality/lead-and-copper-rule-service-line-inspection,,480-782-3671,lcrr@chandleraz.gov,inventory-published-with-no-known-lead-lines,"Chandler says it has not identified a lead service line, about 27604 service lines required verification, and a little over 24000 have already been confirmed as non-lead. Residents with unknown status were notified in fall 2024 and fall 2025 while field verification continues through summer 2026.",0,,,,official_lookup,chandler,downtown chandler|ocotillo|sun lakes|west chandler,852,src-chandler-inventory|src-chandler-notification,verified,2026-04-05
toledo-water-oh,toledo-water-distribution,City of Toledo Division of Water Distribution,Toledo Water|Toledo Public Utilities,toledo,lucas,oh,Toledo Public Utilities service area,regional-utility,https://toledo.oh.gov/residents/water/lead-service-lines,https://toledo.oh.gov/residents/water/lead-service-lines,https://toledo.oh.gov/residents/water/lead-service-lines,toledo-lead-line-replacement|toledo-childcare-facility-replacement,419-936-2020,dpucustomerservice@toledo.oh.gov,inventory-map-and-annual-notices-published,"Toledo says annual notices went to about 50000 customers, all but about 6000 customer lines have been inspected, and only about 100 known customer-owned lead lines remain. The city also says replacement letters go out 45 days before scheduled work and free water filters are provided after replacement when needed.",,,,,official_lookup,toledo,old west end|point place|north toledo|southwyck,436,src-toledo-inventory|src-toledo-notification,verified,2026-04-05
akron-water-oh,akron-water-supply,City of Akron Water Supply Bureau,Akron Water|Akron Water Supply,akron,summit,oh,City of Akron water service area,city,https://www.akronohio.gov/ServiceLineInventory,https://www.akronohio.gov/ServiceLineInventory,https://www.akronohio.gov/Lead,,330-678-0077,waterquality@akronohio.gov,inventory-published-and-city-side-lead-removal-nearly-complete,"Akron says its service line inventory is available online, there are no homeowner-owned lead service lines in Akron, unknown customer-side records can be verified through a phone-based photo workflow, and city-owned lead replacement is expected to finish by the end of 2025.",,,,,official_lookup,akron,highland square|firestone park|north hill|ellet,443,src-akron-inventory|src-akron-notification,verified,2026-04-05
detroit-water-mi,detroit-water-and-sewerage-department,Detroit Water and Sewerage Department,DWSD|Detroit Water & Sewerage Department,detroit,wayne,mi,City of Detroit,city,https://detroitmi.gov/departments/water-and-sewerage-department/dwsd-projects/making-detroit-lead-safe/lead-service-line-replacement-program,https://detroitmi.gov/departments/water-and-sewerage-department/dwsd-projects/making-detroit-lead-safe/lead-service-line-replacement-program,https://detroitmi.gov/departments/water-and-sewerage-department/dwsd-projects/making-detroit-lead-safe/lead-service-line-replacement-program,detroit-neighborhood-replacement,313-267-8000,mydwsd@detroitmi.gov,citywide-notices-map-and-neighborhood-replacement-program,"Detroit says June 30 2025 notices covered 123387 service lines with known lead known galvanized or unknown materials, DWSD still estimates more than 80000 lead service lines citywide, and the neighborhood replacement program has already replaced more than 15000 lines since 2018.",,,,,official_lookup,detroit,bagley|fitzgerald|claytown|chandler park|cadillac heights,482,src-detroit-inventory|src-detroit-notification,verified,2026-04-05
st-joseph-water-mi,st-joseph-water-and-sewer,City of St. Joseph Water and Sewer Department,St. Joseph Water|St Joseph Water,st-joseph,berrien,mi,City of St. Joseph,city,https://www.sjcity.com/cityengineer/page/lead-service-replacement-program,https://www.sjcity.com/cityengineer/page/lead-service-replacement-program,https://www.sjcity.com/cityengineer/page/lead-service-replacement-program,st-joseph-lead-service-replacement,269-983-1240,leadservice@sjcity.com,dsmi-map-and-testing-program-published,"St. Joseph says its complete distribution system material inventory was submitted in October 2024, the public DSMI map is the current address-check path, and owners of unknown lines can move toward the replacement queue through point-of-entry inspections and the city's voluntary testing workflow.",,,,,official_lookup,st joseph|saint joseph,downtown st joseph|silver beach|upton,490,src-st-joseph-inventory|src-st-joseph-notification,verified,2026-04-04
monroe-water-mi,monroe-water-wastewater,City of Monroe Water and Wastewater Department,Monroe Water|Monroe Water Department,monroe,monroe,mi,City of Monroe,city,https://www.monroemi.gov/c_i_t_y_h_a_l_l/departments/water__wastewater/lead_service,https://www.monroemi.gov/c_i_t_y_h_a_l_l/departments/water__wastewater/lead_service,https://www.monroemi.gov/c_i_t_y_h_a_l_l/departments/water__wastewater/lead_service,,734-384-9150,barry.laroy@monroemi.gov,lead-service-counts-and-replacement-application-published,"Monroe says approximately 1315 of 15251 customers have full or partial lead service lines requiring field verification. The city continues annual replacement work through construction and maintenance projects and publishes both a replacement application and priority areas online.",1315,,,,contact_only,monroe,downtown monroe|river raisin,481,src-monroe-inventory|src-monroe-notification,verified,2026-04-05
lansing-bwl-mi,lansing-board-of-water-light,Lansing Board of Water and Light,BWL|Lansing BWL,lansing,ingham,mi,Lansing Board of Water and Light service area,regional-utility,https://www.lbwl.com/customers/water-resource-center/lead-information,https://www.lbwl.com/customers/water-resource-center/lead-information,https://www.lbwl.com/customers/water-resource-center/lead-information,,517-702-6006,custservice@lbwl.com,verified-no-remaining-lead-service-lines,"BWL says it removed all known active lead service lines and galvanized requiring replacement lines by 2016 and verified by October 16 2024 that no lead service lines, galvanized requiring replacement lines, or unknown service lines remain in its system.",0,,0,,contact_only,lansing,old town|westside|eastside,489,src-lansing-bwl-inventory|src-lansing-bwl-notification,verified,2026-04-05
bloomington-water-in,bloomington-utilities,City of Bloomington Utilities,Bloomington Utilities|CBU,bloomington,monroe,in,City of Bloomington Utilities service area,city,https://bloomington.in.gov/utilities/inventory,https://bloomington.in.gov/utilities/inventory,https://bloomington.in.gov/utilities/inventory,,812-349-3655,wq@bloomington.in.gov,inventory-and-right-of-entry-process-published,"Bloomington says its searchable inventory covers more than 27000 service connections, selected owners may be asked to sign right-of-entry forms for field verification, and those verified lead findings will feed into a future citywide replacement schedule.",,,,,official_lookup,bloomington,elm heights|prospect hill|garden hill,474,src-bloomington-inventory|src-bloomington-notification,verified,2026-04-05
citizens-energy-group-in,citizens-energy-group,Citizens Energy Group,Citizens Water|Citizens Energy Group,indianapolis,marion,in,Citizens Energy Group water service territory,regional-utility,https://experience.arcgis.com/experience/62c6ba97e9374962b57ba4fe26ab7d5a,https://experience.arcgis.com/experience/62c6ba97e9374962b57ba4fe26ab7d5a,https://blog.citizensenergygroup.com/news/citizens-energy-group-unveils-lead-service-line-inventory-portal-mailing-letters-to-customers-who-own-or-may-own-lead-water-service-lines,citizens-lslr-program,317-924-3311,CustomerCare@citizensenergygroup.com,inventory-portal-and-annual-letters-published,"Citizens says it launched a searchable inventory portal, mails annual notices until physical inspection confirms non-lead status or replacement is complete, estimates that more than 75000 customers may still own and use lead service lines, and limits no additional cost replacement promises to the neighborhoods where the active utility program is already scheduled.",,,,,official_lookup,indianapolis,irvington|haughville|broad ripple|fountain square,462,src-citizens-inventory|src-citizens-notification,verified,2026-04-05
speedway-water-in,speedway-water-works,Town of Speedway Water Works,Speedway Water|Town of Speedway Water Works,speedway,marion,in,Town of Speedway,city,https://pws-ptd.120wateraudit.com/Speedway-IN,https://pws-ptd.120wateraudit.com/Speedway-IN,https://www.speedwayin.gov/water-works/lead-service-line-inventory-project,,317-246-4111,SpeedwayWater@structurepoint.com,inventory-project-and-public-inventory-published,"Speedway says it publicly posted its October 2024 inventory for about 4300 service connections, mails letters to lead and unknown addresses, and uses homeowner surveys plus targeted field investigation rather than a blanket replacement promise while unknown records are reduced.",,,,,official_lookup,speedway,main street speedway,462,src-speedway-inventory|src-speedway-notification,verified,2026-04-05
evansville-water-in,evansville-water-and-sewer-utility,Evansville Water and Sewer Utility,EWSU|Evansville Water,evansville,vanderburgh,in,Evansville Water and Sewer Utility service area,regional-utility,https://pws-ptd.120wateraudit.com/Evansville_Water_Utility_IN,https://pws-ptd.120wateraudit.com/Evansville_Water_Utility_IN,https://ewsu.com/water-sewer/water-resource-recovery/lead-safety/,,812-436-7846,customerservice@ewsu.com,inventory-map-and-notice-letters-published,"EWSU says its public inventory remains available through IDEM, customers received status letters in November 2024, the lead safety page posts downloadable lead GRR and unknown notice copies, and field verification continues before the utility overstates replacement timing.",,,,,official_lookup,evansville,downtown evansville|haynies corner|jacobsville,477,src-evansville-inventory|src-evansville-notification,verified,2026-04-05
kendallville-water-in,kendallville-water-department,City of Kendallville Water Department,Kendallville Water|Kendallville Water Department,kendallville,noble,in,City of Kendallville,city,https://www.kendallvillein.gov/departments/Water/LeadLineReplacementProgram,https://www.kendallvillein.gov/departments/Water/LeadLineReplacementProgram,https://www.kendallvillein.gov/departments/Water/LeadLineReplacementProgram,kendallville-lslr-program,260-347-0852,clerk@kendallvillein.gov,inventory-notices-and-phase-1-replacement-program-published,"Kendallville says it completed its lead service line inventory on October 16 2024, keeps sending annual paper letters until replacement is recorded, and began phase 1 replacement work in 2026 using state grant and loan funding with signed right-of-entry forms rather than an owner-triggered citywide replacement path.",,,,,contact_only,kendallville,,467,src-kendallville-inventory|src-kendallville-notification,verified,2026-04-05
south-bend-water-in,south-bend-water-works,City of South Bend Water Works,South Bend Water Works|South Bend Municipal Utilities,south-bend,st-joseph,in,City of South Bend,city,https://southbendin.gov/department/public-works/utilities-division/water-works/,https://southbendin.gov/department/public-works/utilities-division/water-works/,https://southbendin.gov/work/city-asks-customers-to-complete-survey-on-water-service-line-material/,,574-235-5994,waterquality@southbendin.gov,service-line-map-and-survey-published,"South Bend Water Works says more than 34000 customers were asked to complete the city service line survey, the inventory map should be used to check address status, 311 or water quality staff can coordinate free lead testing, and the city still treats private-side verification as a prerequisite before it overstates replacement timing.",,,,,official_lookup,south bend|south-bend,downtown south bend|river park|near northwest,466,src-south-bend-inventory|src-south-bend-notification,verified,2026-04-05
lafayette-water-in,lafayette-water-works,City of Lafayette Water Works,Lafayette Water Works|Lafayette Water,lafayette,tippecanoe,in,City of Lafayette,city,https://lafayette.in.gov/3615/Lead-Service-Line-Replacement-Program,https://lafayette.in.gov/3615/Lead-Service-Line-Replacement-Program,https://lafayette.in.gov/3615/Lead-Service-Line-Replacement-Program,lafayette-lslr-program,765-807-1700,smoore@lafayette.in.gov,project-areas-and-notice-letters-published,"Lafayette says about 3200 service lines are currently flagged as lead galvanized requiring replacement or unknown, letters went out in early November 2024, and the city publishes current project areas plus 45-day notice and right-of-entry steps online.",,,,,official_lookup,lafayette,downtown lafayette|st mary historic district|centennial,479,src-lafayette-inventory|src-lafayette-notification,verified,2026-04-05
mishawaka-water-in,mishawaka-utilities,Mishawaka Utilities,Mishawaka Water|Mishawaka Utilities,mishawaka,st-joseph,in,City of Mishawaka,city,https://mishawaka.in.gov/lead-free/,https://mishawaka.in.gov/lead-free/,https://mishawaka.in.gov/lead-free/,,574-258-1652,MishawakaLeadFree@Mishawaka.in.gov,lead-free-page-and-owner-inspection-process-published,"Mishawaka says it has already replaced the utility-owned portion of about 4100 lead service lines, mailed letters to customers with lead galvanized or unknown lines in late 2024, and will replace the utility side within 45 days when an owner replaces a lead or galvanized private-side line.",,,,,official_lookup,mishawaka,downtown mishawaka|beutter park|ball band,465,src-mishawaka-inventory|src-mishawaka-notification,verified,2026-04-05
bloomington-water-il,bloomington-water-department,City of Bloomington Water Department,Bloomington Water|City of Bloomington Water,bloomington,mclean,il,City of Bloomington,city,https://www.bloomingtonil.gov/departments/water/project-updates/water-service-line-inventory,https://experience.arcgis.com/experience/a478f50b36b548dab7b3ae2dbeeba1d7/,https://www.bloomingtonil.gov/departments/water/resident-community/lead-service-line-replacement-project,bloomington-il-lslr-project,309-434-2400,water@cityblm.org,inventory-and-block-replacement-project-published,"Bloomington says it is potholing properties to verify private-side material, publishes an interactive map and dashboard with lead GRR unknown and non-lead categories, and plans block-by-block replacement beginning in 2027 under a rate-funded path that still carries a city caveat on final customer-side coverage.",,,,,official_lookup,bloomington,downtown bloomington|south hill|white oak,617,src-bloomington-il-inventory|src-bloomington-il-notification,verified,2026-04-05
aurora-water-il,aurora-water-production-division,City of Aurora Water Production Division,Aurora Water|City of Aurora Water,aurora,kane,il,City of Aurora,city,https://yourvoice.aurora.il.us/leadnotice,https://yourvoice.aurora.il.us/leadnotice,https://yourvoice.aurora.il.us/leadnotice,aurora-lslr-program,630-256-4636,waterlines@aurora.il.us,lead-notice-and-map-request-page-published,"Aurora says residents can use its lead notice portal to review lead unknown galvanized and connector-unknown statuses, the city issued a 2025 action-level exceedance notice with mitigation steps, and replacement splits between no-cost city-triggered work and owner-managed early replacement where the owner still starts with the private-side contractor cost.",,,,,official_lookup,aurora,downtown aurora|west side aurora|east side aurora,605,src-aurora-inventory|src-aurora-notification,verified,2026-04-05
joliet-water-il,joliet-public-utilities,City of Joliet Department of Public Utilities,Joliet Public Utilities|Joliet Water,joliet,will,il,City of Joliet,city,https://www.joliet.gov/government/departments/public-utilities/news-information/lead-service-line-info,https://experience.arcgis.com/experience/f091114be0ca45638b8d77530a7f32e0,https://www.joliet.gov/government/departments/public-utilities/news-information/lead-service-line-info,joliet-lslr-program,815-724-4220,publicutilities@joliet.gov,inventory-map-and-free-testing-program-published,"Joliet says it maintains an interactive water service inventory map, proactively replaces lead lines at no cost when leak repair elevated test results or water main rehabilitation trigger the program, and provides point-of-use pitchers at no cost in several elevated-risk situations.",,,,,official_lookup,joliet,cathedral area|reedswood|west side joliet,604,src-joliet-inventory|src-joliet-notification,verified,2026-04-05
rockford-water-il,rockford-water-division,City of Rockford Water Division,Rockford Water|City of Rockford Water Division,rockford,winnebago,il,City of Rockford,city,https://rockfordil.gov/320/Lead-Drinking-Water,https://experience.arcgis.com/experience/07f1e11a33c64876989a0ed6c6075a81,https://rockfordil.gov/320/Lead-Drinking-Water,rockford-lslr-program,779-348-7300,Jamie.Rott@rockfordil.gov,interactive-map-and-citywide-replacement-project-published,"Rockford says customers can use its interactive service line map, submit a digital survey to improve private-side material records, request free annual lead testing, and coordinate full replacement where the owner covers the private side while the city replaces the public segment at the same time.",,,,,official_lookup,rockford,downtown rockford|midtown rockford|signal hill,611,src-rockford-inventory|src-rockford-notification,verified,2026-04-05
evanston-water-il,evanston-water-production-bureau,City of Evanston Water Production Bureau,Evanston Water|City of Evanston Water,evanston,cook,il,City of Evanston,city,https://www.evanstonleadreplacement.org/,https://www.evanstonleadreplacement.org/,https://www.evanstonleadreplacement.org/,evanston-homeowner-initiated-lslr,847-448-4311,water@cityofevanston.org,inventory-map-and-no-cost-replacement-projects-published,"Evanston says its public service line map identifies potentially affected properties, the city submitted a draft replacement plan in April 2025, no-additional-cost replacement is already active in project areas, and a separate homeowner-initiated path offers reimbursement plus waived permit fees.",,,,,service_area_notes,evanston,downtown evanston|fifth ward|west village,602,src-evanston-inventory|src-evanston-notification,verified,2026-04-05
green-bay-water-wi,green-bay-water-utility,Green Bay Water Utility,Green Bay Water|GBW,green-bay,brown,wi,City of Green Bay,city,https://www.gbwater.org/service-line-lookup-map,https://greenbay.maps.arcgis.com/apps/webappviewer/index.html?id=0b09eb806416406eb25b4c1a8b8a5319,https://www.gbwater.org/service-line-lookup-map,green-bay-grr-replacement,920-448-3480,justin.hewitt@greenbaywi.gov,service-line-lookup-and-replacement-guidance-published,"Green Bay Water says its lookup map distinguishes customer-side and utility-side lead GRR unknown and non-lead records, owners of unknown lines stay on inspection or documentation follow-up, and addresses flagged as lead or GRR are routed into limited-time municipal replacement contacts rather than a blanket citywide free-replacement promise.",,,,,official_lookup,green bay|green-bay,downtown green bay|astor|near west side,543,src-green-bay-inventory|src-green-bay-notification,verified,2026-04-05
grand-rapids-water-mi,grand-rapids-water-system,City of Grand Rapids Water System,Grand Rapids Water|Grand Rapids Water System,grand-rapids,kent,mi,City of Grand Rapids,city,https://www.grandrapidsmi.gov/departments/water-system/lead-in-drinking-water/lead-prevention-tips/lead-water-service-line-map/,https://www.grandrapidsmi.gov/departments/water-system/lead-in-drinking-water/lead-prevention-tips/lead-water-service-line-map/,https://www.grandrapidsmi.gov/departments/water-system/lead-in-drinking-water/notice-of-the-possibility-of-a-lead-water-service-line/,grand-rapids-lslr-program,616-456-3000,water@grcity.us,map-annual-notice-and-no-cost-program-published,"Grand Rapids says properties built before 1950 without confirming records are treated as assumed lead on the city map, annual notices remain active for homes that may have lead lines, leak or city construction triggers the no-cost path, and voluntary early replacement moves into a separate ten-pay Water Service Agreement.",,,,,official_lookup,grand rapids|grand-rapids,downtown grand rapids|west grand|third ward,495,src-grand-rapids-inventory|src-grand-rapids-notification,verified,2026-04-05
chicago-water-il,chicago-water-department,City of Chicago Department of Water Management,Chicago Water|Lead Safe Chicago,chicago,cook,il,City of Chicago,city,https://www.leadsafechicago.org/water,https://www.leadsafechicago.org/water,https://www.leadsafechicago.org/lead-service-line-replacement,chicago-lslr-program,312-742-2406,lead.safe@cityofchicago.org,service-line-lookup-and-replacement-info-published,"Chicago says homes built before 1986 have a high likelihood of a lead service line, Lead Safe Chicago routes residents to the inventory and free testing tools, and replacement help runs through 311 or lead.safe@cityofchicago.org rather than a blanket citywide no-cost promise.",,,,,official_lookup,chicago,loop|englewood|austin|hyde park,606,src-chicago-inventory|src-chicago-notification,verified,2026-04-04
fort-wayne-water-in,fort-wayne-city-utilities,Fort Wayne City Utilities,Fort Wayne City Utilities|Fort Wayne Water,fort-wayne,allen,in,Fort Wayne City Utilities,city,https://www.cityoffortwayne.org/lead,https://www.cityoffortwayne.org/lead,https://utilities.cityoffortwayne.org/remove-lead,fort-wayne-lslr-program,260-427-1234,waterquality@cityoffortwayne.org,lead-information-and-replacement-program-published,"Fort Wayne says homes built before 1937 are more likely to have lead service lines, owners remain responsible for the private pipe to the meter, grant-funded Remove Lead projects cover selected neighborhoods, and outside those areas replacement cost still depends on the city program path.",,,,,official_lookup,fort wayne,hamilton|riverside|east central|northside,468,src-fort-wayne-inventory|src-fort-wayne-notification,verified,2026-04-05
racine-water-wi,racine-water-utility,City of Racine Water Utility,RWU|Racine Water Utility,racine,racine,wi,City of Racine,city,https://www.cityofracine.org/uploadedFiles/_MainSiteContent/Departments/Water/Lead_Service_Line_Replacement/FAQ/FAQs.pdf,https://www.cityofracine.org/uploadedFiles/_MainSiteContent/Departments/Water/Lead_Service_Line_Replacement/FAQ/FAQs.pdf,https://www.cityofracine.org/uploadedFiles/_MainSiteContent/Departments/Health/_Documents/Environmental_Health/Lead%20in%20water.pdf,racine-private-lead-service-line-replacement,262-636-9181,support@cityofracine.org,five-year-replacement-program-and-annual-notice-docs-published,"Racine says the city is running a multi-year invitation-based lead service line replacement program, invited homeowners can receive free replacement in annual city-managed batches, and annual notice guidance remains active for homes with lead galvanized or unknown lines that are not yet in the current batch.",,,,,service_area_notes,racine,west side racine|mt pleasant|north beach,534,src-racine-inventory|src-racine-notification,verified,2026-04-05
kalamazoo-water-mi,kalamazoo-water-department,City of Kalamazoo Water Department,Kalamazoo Water|City of Kalamazoo Water,kalamazoo,kalamazoo,mi,City of Kalamazoo,city,https://www.kalamazoocity.org/Residents/Water-Sewer-Service/More-About-Kalamazoos-Utility-Systems/Lead-Copper-Program,https://www.kalamazoocity.org/Residents/Water-Sewer-Service/More-About-Kalamazoos-Utility-Systems/Lead-Copper-Program,https://www.kalamazoocity.org/Residents/Water-Sewer-Service/Request-Free-Water-Testing-for-Lead-Copper,kalamazoo-citywide-lslr-program,269-337-8000,311@kalamazoocity.org,corrosion-control-free-testing-and-replacement-program-published,"Kalamazoo says residents should use the service material lookup tool to check an address, free lead and copper testing plus filters are interim support, and no-charge replacement stays tied to the funded citywide replacement program rather than the testing workflow itself.",,,,,official_lookup,kalamazoo,edison|eastwood|westnedge,490,src-kalamazoo-inventory|src-kalamazoo-notification,verified,2026-04-05
kansas-city-water-mo,kansas-city-water,Kansas City Water,KC Water|KC Water Services,kansas-city,jackson,mo,City of Kansas City,city,https://www.kcmo.gov/Home/Components/News/News/2739/16,https://www.kcmo.gov/Home/Components/News/News/2739/16,https://www.kcmo.gov/Home/Components/News/News/2865/231,,816-513-1313,,first-service-line-inventory-and-public-map-announced,"Kansas City says its first October 2024 inventory reported zero known lead lines, 23109 galvanized requiring replacement lines, and 24842 unknown lines, and it separately warned in 2026 that service line protection letters were optional homeowner coverage communications rather than replacement notices.",0,23109,24842,129958,service_area_notes,kansas city,midtown|brookside|northland|plaza,641,src-kansas-city-inventory|src-kansas-city-notification,verified,2026-04-05
iowa-city-water-ia,iowa-city-water-division,Iowa City Water Division,Iowa City Water|Iowa City Water Division,iowa-city,johnson,ia,City of Iowa City,city,https://www.icgov.org/government/departments-and-divisions/public-works/water,https://www.icgov.org/government/departments-and-divisions/public-works/water,https://www.icgov.org/home/showpublisheddocument/160/638974213462430000,iowa-city-cost-share-reimbursement,319-356-5160,,lead-reduction-faq-and-cost-share-guidance-published,"Iowa City says its lead reduction FAQ tells residents to flush stagnant water clean aerators and use cold water while they evaluate service line material, and homeowners who plan replacement need to tell contractors they are using the city's cost-share reimbursement program before work begins because the work still runs through an owner-managed contractor path.",,,,,official_lookup,iowa city,downtown iowa city|longfellow|mann|university heights,522,src-iowa-city-inventory|src-iowa-city-notification,verified,2026-04-05
springfield-water-mo,springfield-water-utility,City Utilities of Springfield,Springfield Water|City Utilities Springfield,springfield,greene,mo,City Utilities of Springfield,city,https://www.cityutilities.net/lcr,https://www.cityutilities.net/lcrmap,https://www.cityutilities.net/m/newsflash/Home/Detail/88,,417-831-8787,,inventory-map-and-assistance-published,"Springfield says more than 38000 customer service lines have already been identified, homes built before 1989 are still asked to self-identify customer-owned materials, and City Utilities keeps both an interactive inventory map and free neighborhood assistance online while self-reporting and map cleanup continue.",,,,,official_lookup,springfield,midtown springfield|rountree|phelps grove,658,src-springfield-inventory|src-springfield-notification,verified,2026-04-05
columbia-water-mo,columbia-water-utility,City of Columbia Water Utility,Columbia Utilities|Columbia Water Utility,columbia,boone,mo,City of Columbia,city,https://beheard.como.gov/lead-compliance-program,https://storymaps.arcgis.com/stories/d6134fec95c2413faab553fd8196784c,https://beheard.como.gov/lead-compliance-program,,573-874-7307,Matthew.Nestor@CoMo.gov,storymap-survey-and-inventory-guidance-published,"Columbia says its lead compliance program includes a searchable assessment map, utility-side inventory details, an online survey for unknown customer-owned service lines, and step-by-step inspection guidance for residents.",,,,,official_lookup,columbia,downtown columbia|old southwest|east campus,652,src-columbia-inventory|src-columbia-notification,verified,2026-04-05
independence-water-mo,independence-water-department,City of Independence Water Department,Independence Water|Independence Utilities,independence,jackson,mo,City of Independence,city,https://www.independencemo.gov/lead-and-copper-rule,https://www.independencemo.gov/sites/default/files/2025-12/2025%20LCRI%20Website%20Inventory%20Data%20from%20MDNR%20Inventory.pdf,https://www.independencemo.gov/lead-and-copper-rule,,816-325-7664,,pdf-inventory-and-notice-guidance-published,"Independence says it publishes a current PDF inventory, mails written notices to galvanized requiring replacement and unknown properties, and lets customers request staff help to identify service line materials instead of relying on a full interactive lookup workflow.",,,,,service_area_notes,independence,englewood independence|maywood|south independence,640,src-independence-inventory|src-independence-notification,verified,2026-04-05
jackson-water-mi,jackson-water-department,City of Jackson Water Department,Jackson Water|City of Jackson Water,jackson,jackson,mi,City of Jackson,city,https://www.cityofjackson.org/1115/Lead-Service-Line-Replacements,https://www.cityofjackson.org/1115/Lead-Service-Line-Replacements,https://www.cityofjackson.org/1117/What-Residents-Need-to-Know-About-Lead-L,jackson-citywide-lslr-program,517-768-6060,,citywide-replacement-program-and-notices-published,"Jackson says it is proactively replacing lead service lines through a dedicated crew contractors and street projects, eligible homeowners can sign up early for free replacement, and residents receive letters phone calls emails and door notices before city-scheduled work moves into the area.",,,,,service_area_notes,jackson,vandercook lake|cascades|downtown jackson,492,src-jackson-inventory|src-jackson-notification,verified,2026-04-05
flint-water-mi,flint-water-service-center,City of Flint Water Service Center,Flint Water|City of Flint Water,flint,genesee,mi,City of Flint,city,https://www.cityofflint.com/progress-report-on-flint-water/,https://www.cityofflint.com/get-the-lead-out/,https://www.cityofflint.com/get-the-lead-out/,flint-citywide-lslr-program,810-410-1133,,no-cost-citywide-replacement-and-opt-in-published,"Flint says over 97 percent of lead service line replacements are complete, all replacement work is done at no cost to residents, and households should immediately opt in and submit consent forms so crews can inspect and replace any remaining lead or galvanized lines.",,,,,official_lookup,flint,downtown flint|carriage town|college cultural,485,src-flint-inventory|src-flint-notification,verified,2026-04-05
dearborn-water-mi,dearborn-water-sewerage-division,City of Dearborn Water and Sewerage Division,Dearborn Water|Dearborn Water and Sewerage,dearborn,wayne,mi,City of Dearborn,city,https://experience.arcgis.com/experience/f40b94e58e4a47fcbb89b3e69c64ec6d,https://experience.arcgis.com/experience/f40b94e58e4a47fcbb89b3e69c64ec6d,https://mail.cityofdearborn.org/news-and-events/city-news/2354-dearborn-s-water-tested-for-lead-yearly-always-within-federally-accepted-levels,,313-943-2308,,map-survey-and-annual-testing-guidance-published,"Dearborn points residents to a lead service line information map, says 100 homes are tested annually with results remaining within federal action levels, and asks households to complete the service line survey while the city works through Michigan's replacement mandate.",,,,,official_lookup,dearborn,east dearborn|south end|west dearborn,481,src-dearborn-inventory|src-dearborn-notification,verified,2026-04-05
mud-omaha-ne,mud-omaha,Metropolitan Utilities District,MUD Omaha|Metropolitan Utilities District,omaha,douglas,ne,Metropolitan Utilities District service area,regional-utility,https://www.mudomaha.com/lead-information/,https://experience.arcgis.com/experience/0b2b8f5ae71b41e2b483db56eb4ad486,https://www.mudomaha.com/lead-status-unknown/,mud-omaha-lslr-program,402-554-6666,,lead-map-and-free-replacement-program-published,"M.U.D. says customers can use the lead map to distinguish lead and lead-status-unknown records, unknown-status homes can use a survey path plus partner pitchers or sample kits, and the district's multi-year program has been replacing customer-owned lead lines free of charge since 2024.",,,,,official_lookup,omaha|la vista|ralston|bellevue|papillion,downtown omaha|dundee|benson|south omaha,681,src-mud-omaha-inventory|src-mud-omaha-notification,verified,2026-04-05
iowa-american-water-ia,iowa-american-water,Iowa American Water,Iowa American Water|American Water Iowa,davenport,scott,ia,Iowa American Water service area,regional-utility,https://amwater.com/iaaw/water-quality/lead-and-drinking-water/index,https://experience.arcgis.com/experience/4997839853a040a8b1f330523b8d929b/,https://newsroom.amwater.com/2024-11-22-Iowa-American-Water-Announces-Lead-Service-Line-Replacement-Program-Progress-Approximately-1%2C300-Customer-Owned-Lines-Replaced,iowa-american-water-lslr-program,866-269-2837,,interactive-map-and-no-cost-replacement-program-published,"Iowa American Water says customers can use an interactive lead service line map, unknown and lead customers receive required letters and self-report prompts, and the utility says about 1300 customer-owned lines had already been replaced at no direct cost under the current program by November 2024.",,,,,official_lookup,davenport|bettendorf|riverdale,east davenport|bettendorf|riverdale,527,src-iowa-amwater-inventory|src-iowa-amwater-notification,verified,2026-04-05
missouri-american-water-mo,missouri-american-water,Missouri American Water,Missouri American Water|MO American Water,st-louis,st-louis,mo,Missouri American Water service area,regional-utility,https://www.amwater.com/moaw/water-quality/lead-and-drinking-water/our-approach,https://www.amwater.com/moaw/water-quality/lead-and-drinking-water/,https://www.amwater.com/moaw/water-quality/lead-and-drinking-water/lead-service-faqs,missouri-american-water-lslr-program,866-430-0820,,service-line-map-self-report-and-2030-replacement-pledge-published,"Missouri American Water says customers can use its service line material map, self-report or request inspection when material is unknown, the company plans to replace lead and galvanized lines in the communities it serves by 2030, and verified lead or galvanized lines move into a no-direct-cost replacement path.",,,,,contact_only,st louis|saint louis|st joseph|joplin|jefferson city,chesterfield|florissant|arnold|mexico|warrensburg,631|645|648|651,src-mo-amwater-inventory|src-mo-amwater-notification,verified,2026-04-04
blue-springs-water-mo,blue-springs-water-services,City of Blue Springs Water and Sewer Services,Blue Springs Water|Blue Springs Water and Sewer Services,blue-springs,jackson,mo,City of Blue Springs,city,https://www.bluespringsgov.com/2544/Water-Service-Line-Inventory-Information,https://www.bluespringsgov.com/2544/Water-Service-Line-Inventory-Information,https://www.bluespringsgov.com/1875/Lead-and-Copper-Information,,816-228-0195,,inventory-page-and-self-survey-published,"Blue Springs says its inventory page pairs an address-check document with a resident private-side survey, the city is still completing inventory work, and the lead guidance page points residents to flushing exposure-reduction and water-quality result resources while verification continues.",,,,,service_area_notes,blue springs|blue-springs,downtown blue springs|chapel ridge|south blue springs,640,src-blue-springs-inventory|src-blue-springs-notification,verified,2026-04-04
grand-island-utilities-ne,grand-island-utilities-department,Grand Island Utilities Department,GIUD|Grand Island Utilities,grand-island,hall,ne,City of Grand Island,city,https://www.giud.com/o/giud/page/lead-service-line-replacement-project-lsl,https://gis.grand-island.com,https://www.giud.com/o/giud/page/lead-service-line-replacement-project-lsl,grand-island-lslr-project,308-385-5480,,gis-lookup-and-replacement-project-page-published,"Grand Island Utilities says its GIS lookup distinguishes lead non-lead and unknown materials by address, mailed notices go to lead or unknown properties, and the city's multi-year replacement project uses the same lookup plus outreach workflow to move customers into active work.",,,,,official_lookup,grand island|grand-island,downtown grand island|fonner park|stuhr,688,src-grand-island-inventory|src-grand-island-notification,verified,2026-04-04
council-bluffs-water-ia,council-bluffs-water-works,Council Bluffs Water Works,Council Bluffs Water Works|CBWW,council-bluffs,pottawattamie,ia,City of Council Bluffs,city,https://www.cbwaterworks.com/water-quality/,https://experience.arcgis.com/experience/20689c2f036249e1adc67cf58934a10c,https://www.cbwaterworks.com/wp-content/uploads/2022/02/Lead-in-Drinking-Water-Information-Guide-2022_03032022.pdf,council-bluffs-lslr-project,712-328-1006,custserv@cbwaterworks.com,downloadable-lead-lists-map-and-project-notice-published,"Council Bluffs Water Works publishes downloadable lead galvanized-requiring-replacement and unknown lists, a public address map, and a formal customer information guide, while the current SRF-funded project notice ties replacement work back to the same map and list-based inventory.",,,,,official_lookup,council bluffs|council-bluffs,downtown council bluffs|broadway|lake manawa,515,src-council-bluffs-inventory|src-council-bluffs-notification,verified,2026-04-04
ames-water-ia,ames-water-pollution-control,City of Ames Water & Pollution Control,Ames Water|City of Ames Water and Pollution Control,ames,story,ia,City of Ames,city,https://www.cityofames.org/My-Government/Departments/Water-Pollution-Control/Water-Treatment-Plant/Lead-in-Drinking-Water,https://www.cityofames.org/My-Government/Departments/Water-Pollution-Control/Water-Treatment-Plant/Lead-in-Drinking-Water,https://www.cityofames.org/files/assets/city/v/1/water-and-pollution-control/documents/lead_service_line_notice-2024.pdf,,515-239-5150,calvin.forte@cityofames.org,inventory-page-map-and-2024-notice-published,"Ames publishes a lead inventory page map and inventory PDF, uses a formal 2024 notice for interim guidance, and explains that the homeowner owns the service line to the meter except when replacement is coordinated through a city water-main project or related city work rather than a standing no-cost program.",,,,,official_lookup,ames,campustown|north grand|somerset|south campus,500,src-ames-inventory|src-ames-notification,verified,2026-04-05
west-des-moines-water-ia,west-des-moines-water-works,West Des Moines Water Works,WDM Water Works|West Des Moines Water Works,west-des-moines,polk,ia,West Des Moines Water Works service area,city,https://www.wdmww.com/servicelinesurvey.aspx,https://maps.wdmww.com/gisportal/apps/sites/#/lead-service-line-inventory,https://www.wdmww.com/faq.aspx,,515-222-3460,,survey-page-and-public-results-map-published,"West Des Moines Water Works says it still had about 7000 unknown service materials as of December 2023, asks residents to complete the service line survey, publishes a public results map for address-level review, and uses its FAQ to explain ownership and service-line questions while unknowns are reduced.",,,7000,,official_lookup,west des moines|west-des-moines,valley junction|jordan creek|west glen,502,src-wdm-inventory|src-wdm-notification,verified,2026-04-05
dubuque-water-ia,dubuque-water-department,City of Dubuque Water Department,Dubuque Water|City of Dubuque Water Department,dubuque,dubuque,ia,City of Dubuque,city,https://cityofdubuque.org/3165/Lead-Service-Line-Replacement-Pilot-Prog,https://dubuque.maps.arcgis.com/apps/instant/basic/index.html?appid=7ef7a167ce184b00a524c6604683af39,https://cityofdubuque.org/3165/Lead-Service-Line-Replacement-Pilot-Prog,dubuque-lslr-pilot-program,563-690-6210,,inventory-map-reporter-form-and-pilot-page-published,"Dubuque says its online inventory map and spreadsheet support address-level review, staff use reporter forms and inspections to verify unknown service material, and the current pilot targets about 585 private lead water service lines in three phases starting in 2024.",,,,,official_lookup,dubuque,central avenue|north end|point|eagle point,520,src-dubuque-inventory|src-dubuque-notification,verified,2026-04-05
sioux-city-water-ia,sioux-city-water-plant,City of Sioux City Water Plant,Sioux City Water|Sioux City Water Plant,sioux-city,woodbury,ia,City of Sioux City,city,https://www.sioux-city.org/leadlineinventory,https://www.sioux-city.org/leadlineinventory,https://www.sioux-city.org/Home/Components/News/News/14920/271?arch=1&npage=2,,712-279-6150,,inventory-news-and-water-plant-guidance-published,"Sioux City says about 7300 properties could have a lead service line or a galvanized service line affected by lead, the online inventory should be used for address-level review, and residents with questions or updated material information are directed back to the Water Plant.",,,,,official_lookup,sioux city|sioux-city,morningside|riverside|northside|downtown sioux city,511,src-sioux-city-inventory|src-sioux-city-notification,verified,2026-04-05
hastings-water-ne,hastings-utilities-water,Hastings Utilities Water Department,Hastings Water|Hastings Utilities Water Department,hastings,adams,ne,City of Hastings,city,https://www.cityofhastings.org/departments/utilities/service-types/water/,https://engage.cityofhastings.org/water-lead-services-replacements,https://engage.cityofhastings.org/water-lead-services-replacements,hastings-water-main-lslr-program,402-463-1371,engage_waterdept@cityofhastings.org,citywide-lead-replacement-program-and-progress-page-published,"Hastings says it currently has about 1500 lead water service lines, publishes monthly neighborhood progress, has already replaced 279 lead services through the rolling program, and aims to remove all lead water services in 10 years.",1500,,,,service_area_notes,hastings,east side hastings|college view|south hastings,689,src-hastings-inventory|src-hastings-notification,verified,2026-04-05
